id,ast,blk,dreb,fg3_pct,fg3a,fg3m,fg_pct,fga,fgm,ft_pct,fta,ftm,game_id,game_date,home_team_id,home_team_score,visitor_team_id,visitor_team_score,min,oreb,pf,player_id,player_first_name,player_last_name,pts,reb,stl,team_id,team_abbreviation,turnover
14055959,4,1,2,0.5,2,1,0.4,15,6,0.875,8,7,1037786,2023-11-20T00:00:00.000Z,4,121,2,118,39,3,3,204,Gordon,Hayward,20,5,1,4,CHA,2
14055960,5,0,15,0.2857143,7,2,0.23076923,13,3,1.0,6,6,1037786,2023-11-20T00:00:00.000Z,4,121,2,118,45,0,1,62,Miles,Bridges,14,15,1,4,CHA,1
14055961,2,3,8,0.0,0,0,0.5714286,14,8,1.0,2,2,1037786,2023-11-20T00:00:00.000Z,4,121,2,118,33,8,4,38017698,Mark,Williams,18,16,1,4,CHA,1
14055962,4,1,3,0.25,4,1,0.33333334,12,4,0.0,0,0,1037786,2023-11-20T00:00:00.000Z,4,121,2,118,40,4,2,56677823,Brandon,Miller,9,7,2,4,CHA,2
14055963,8,1,7,0.45454547,11,5,0.5555556,27,15,1.0,1,1,1037786,2023-11-20T00:00:00.000Z,4,121,2,118,41,2,5,3547239,LaMelo,Ball,36,9,2,4,CHA,5
14055964,0,0,0,0.0,0,0,0.0,0,0,0.0,0,0,1037786,2023-11-20T00:00:00.000Z,4,121,2,118,00,0,0,17896037,James,Bouknight,0,0,0,4,CHA,0
14055965,0,0,0,0.0,0,0,0.0,0,0,0.0,0,0,1037786,2023-11-20T00:00:00.000Z,4,121,2,118,00,0,0,3547253,Theo,Maledon,0,0,0,4,CHA,0
14055966,2,0,2,0.16666667,6,1,0.16666667,6,1,0.0,0,0,1037786,2023-11-20T00:00:00.000Z,4,121,2,118,14,0,1,38017708,Bryce,McGowens,3,2,0,4,CHA,1
14055967,3,0,2,0.0,0,0,0.75,4,3,0.0,0,0,1037786,2023-11-20T00:00:00.000Z,4,121,2,118,20,0,0,422,Ish,Smith,6,2,0,4,CHA,1
14055968,0,0,0,0.0,0,0,0.0,0,0,0.0,0,0,1037786,2023-11-20T00:00:00.000Z,4,121,2,118,00,0,0,56677846,Nick,Smith Jr.,0,0,0,4,CHA,0
14055969,0,0,0,0.0,0,0,0.0,0,0,0.0,0,0,1037786,2023-11-20T00:00:00.000Z,4,121,2,118,05,0,1,18678001,JT,Thor,0,0,0,4,CHA,0
14055970,1,1,1,0.33333334,9,3,0.46153846,13,6,0.0,0,0,1037786,2023-11-20T00:00:00.000Z,4,121,2,118,28,0,1,666950,P.J.,Washington,15,1,2,4,CHA,0
14055971,0,0,0,0.0,0,0,0.0,0,0,0.0,0,0,1037786,2023-11-20T00:00:00.000Z,4,121,2,118,00,0,0,56677848,Amari,Bailey,0,0,0,4,CHA,0
14055972,0,0,0,0.0,0,0,0.0,0,0,0.0,0,0,1037786,2023-11-20T00:00:00.000Z,4,121,2,118,00,0,0,56677866,Leaky,Black,0,0,0,4,CHA,0
14055973,0,0,0,0.0,0,0,0.0,0,0,0.0,0,0,1037786,2023-11-20T00:00:00.000Z,4,121,2,118,00,0,0,666748,Cody,Martin,0,0,0,4,CHA,0
14055974,0,0,0,0.0,0,0,0.0,0,0,0.0,0,0,1037786,2023-11-20T00:00:00.000Z,4,121,2,118,00,0,0,347,Frank,Ntilikina,0,0,0,4,CHA,0
14055975,0,0,0,0.0,0,0,0.0,0,0,0.0,0,0,1037786,2023-11-20T00:00:00.000Z,4,121,2,118,00,0,0,3547282,Nick,Richards,0,0,0,4,CHA,0
14055976,0,0,0,0.0,0,0,0.0,0,0,0.0,0,0,1037786,2023-11-20T00:00:00.000Z,4,121,2,118,00,0,0,403,Terry,Rozier,0,0,0,4,CHA,0
14055981,1,0,1,0.11111111,9,1,0.11111111,9,1,0.0,0,0,1037786,2023-11-20T00:00:00.000Z,4,121,2,118,38,0,3,17896060,Sam,Hauser,3,1,0,2,BOS,1
14055978,6,2,13,0.46666667,15,7,0.53571427,28,15,0.8,10,8,1037786,2023-11-20T00:00:00.000Z,4,121,2,118,44,0,1,434,Jayson,Tatum,45,13,0,2,BOS,3
14055979,0,3,5,0.125,8,1,0.35714287,14,5,0.6,10,6,1037786,2023-11-20T00:00:00.000Z,4,121,2,118,34,3,2,378,Kristaps,Porzingis,17,8,2,2,BOS,0
14055977,3,0,3,0.0,5,0,0.29411766,17,5,0.75,4,3,1037786,2023-11-20T00:00:00.000Z,4,121,2,118,34,1,5,70,Jaylen,Brown,13,4,0,2,BOS,2
14055980,5,2,3,0.33333334,3,1,0.45454547,11,5,0.0,2,0,1037786,2023-11-20T00:00:00.000Z,4,121,2,118,37,3,1,214,Jrue,Holiday,11,6,1,2,BOS,7
14055982,0,0,0,0.0,0,0,0.0,0,0,0.0,0,0,1037786,2023-11-20T00:00:00.000Z,4,121,2,118,00,0,0,17896094,Dalano,Banton,0,0,0,2,BOS,0
14055983,1,0,5,0.0,0,0,0.0,0,0,0.5,2,1,1037786,2023-11-20T00:00:00.000Z,4,121,2,118,17,2,2,666468,Oshae,Brissett,1,7,0,2,BOS,0
14055959,4,1,2,0.5,2,1,0.4,15,6,0.875,8,7,1037786,2023-11-20T00:00:00.000Z,4,121,2,118,39,3,3,204,Gordon,Hayward,20,5,1,4,CHA,2
14055960,5,0,15,0.2857143,7,2,0.23076923,13,3,1.0,6,6,1037786,2023-11-20T00:00:00.000Z,4,121,2,118,45,0,1,62,Miles,Bridges,14,15,1,4,CHA,1
14055961,2,3,8,0.0,0,0,0.5714286,14,8,1.0,2,2,1037786,2023-11-20T00:00:00.000Z,4,121,2,118,33,8,4,38017698,Mark,Williams,18,16,1,4,CHA,1
14055962,4,1,3,0.25,4,1,0.33333334,12,4,0.0,0,0,1037786,2023-11-20T00:00:00.000Z,4,121,2,118,40,4,2,56677823,Brandon,Miller,9,7,2,4,CHA,2
14055963,8,1,7,0.45454547,11,5,0.5555556,27,15,1.0,1,1,1037786,2023-11-20T00:00:00.000Z,4,121,2,118,41,2,5,3547239,LaMelo,Ball,36,9,2,4,CHA,5
14055964,0,0,0,0.0,0,0,0.0,0,0,0.0,0,0,1037786,2023-11-20T00:00:00.000Z,4,121,2,118,00,0,0,17896037,James,Bouknight,0,0,0,4,CHA,0
14055965,0,0,0,0.0,0,0,0.0,0,0,0.0,0,0,1037786,2023-11-20T00:00:00.000Z,4,121,2,118,00,0,0,3547253,Theo,Maledon,0,0,0,4,CHA,0
14055966,2,0,2,0.16666667,6,1,0.16666667,6,1,0.0,0,0,1037786,2023-11-20T00:00:00.000Z,4,121,2,118,14,0,1,38017708,Bryce,McGowens,3,2,0,4,CHA,1
14055967,3,0,2,0.0,0,0,0.75,4,3,0.0,0,0,1037786,2023-11-20T00:00:00.000Z,4,121,2,118,20,0,0,422,Ish,Smith,6,2,0,4,CHA,1
14055968,0,0,0,0.0,0,0,0.0,0,0,0.0,0,0,1037786,2023-11-20T00:00:00.000Z,4,121,2,118,00,0,0,56677846,Nick,Smith Jr.,0,0,0,4,CHA,0
14055969,0,0,0,0.0,0,0,0.0,0,0,0.0,0,0,1037786,2023-11-20T00:00:00.000Z,4,121,2,118,05,0,1,18678001,JT,Thor,0,0,0,4,CHA,0
14055970,1,1,1,0.33333334,9,3,0.46153846,13,6,0.0,0,0,1037786,2023-11-20T00:00:00.000Z,4,121,2,118,28,0,1,666950,P.J.,Washington,15,1,2,4,CHA,0
14055971,0,0,0,0.0,0,0,0.0,0,0,0.0,0,0,1037786,2023-11-20T00:00:00.000Z,4,121,2,118,00,0,0,56677848,Amari,Bailey,0,0,0,4,CHA,0
14055972,0,0,0,0.0,0,0,0.0,0,0,0.0,0,0,1037786,2023-11-20T00:00:00.000Z,4,121,2,118,00,0,0,56677866,Leaky,Black,0,0,0,4,CHA,0
14055973,0,0,0,0.0,0,0,0.0,0,0,0.0,0,0,1037786,2023-11-20T00:00:00.000Z,4,121,2,118,00,0,0,666748,Cody,Martin,0,0,0,4,CHA,0
14055974,0,0,0,0.0,0,0,0.0,0,0,0.0,0,0,1037786,2023-11-20T00:00:00.000Z,4,121,2,118,00,0,0,347,Frank,Ntilikina,0,0,0,4,CHA,0
14055975,0,0,0,0.0,0,0,0.0,0,0,0.0,0,0,1037786,2023-11-20T00:00:00.000Z,4,121,2,118,00,0,0,3547282,Nick,Richards,0,0,0,4,CHA,0
14055976,0,0,0,0.0,0,0,0.0,0,0,0.0,0,0,1037786,2023-11-20T00:00:00.000Z,4,121,2,118,00,0,0,403,Terry,Rozier,0,0,0,4,CHA,0
14055981,1,0,1,0.11111111,9,1,0.11111111,9,1,0.0,0,0,1037786,2023-11-20T00:00:00.000Z,4,121,2,118,38,0,3,17896060,Sam,Hauser,3,1,0,2,BOS,1
14055978,6,2,13,0.46666667,15,7,0.53571427,28,15,0.8,10,8,1037786,2023-11-20T00:00:00.000Z,4,121,2,118,44,0,1,434,Jayson,Tatum,45,13,0,2,BOS,3
14055979,0,3,5,0.125,8,1,0.35714287,14,5,0.6,10,6,1037786,2023-11-20T00:00:00.000Z,4,121,2,118,34,3,2,378,Kristaps,Porzingis,17,8,2,2,BOS,0
14055977,3,0,3,0.0,5,0,0.29411766,17,5,0.75,4,3,1037786,2023-11-20T00:00:00.000Z,4,121,2,118,34,1,5,70,Jaylen,Brown,13,4,0,2,BOS,2
14055980,5,2,3,0.33333334,3,1,0.45454547,11,5,0.0,2,0,1037786,2023-11-20T00:00:00.000Z,4,121,2,118,37,3,1,214,Jrue,Holiday,11,6,1,2,BOS,7
14055982,0,0,0,0.0,0,0,0.0,0,0,0.0,0,0,1037786,2023-11-20T00:00:00.000Z,4,121,2,118,00,0,0,17896094,Dalano,Banton,0,0,0,2,BOS,0
14055983,1,0,5,0.0,0,0,0.0,0,0,0.5,2,1,1037786,2023-11-20T00:00:00.000Z,4,121,2,118,17,2,2,666468,Oshae,Brissett,1,7,0,2,BOS,0
14055984,0,0,0,0.0,0,0,0.0,0,0,0.0,0,0,1037786,2023-11-20T00:00:00.000Z,4,121,2,118,00,0,0,38017707,JD,Davison,0,0,0,2,BOS,0
14055985,0,1,3,0.0,0,0,1.0,2,2,0.0,0,0,1037786,2023-11-20T00:00:00.000Z,4,121,2,118,19,0,0,261,Luke,Kornet,4,3,0,2,BOS,0
14055986,0,0,0,0.5,2,1,0.5,2,1,0.0,0,0,1037786,2023-11-20T00:00:00.000Z,4,121,2,118,09,0,0,338,Svi,Mykhailiuk,3,0,1,2,BOS,0
14055987,3,0,4,0.625,8,5,0.5714286,14,8,0.0,0,0,1037786,2023-11-20T00:00:00.000Z,4,121,2,118,33,2,1,3547276,Payton,Pritchard,21,6,2,2,BOS,0
14055988,0,0,0,0.0,0,0,0.0,0,0,0.0,0,0,1037786,2023-11-20T00:00:00.000Z,4,121,2,118,00,0,0,17553967,Neemias,Queta,0,0,0,2,BOS,0
14055989,0,0,0,0.0,0,0,0.0,0,0,0.0,0,0,1037786,2023-11-20T00:00:00.000Z,4,121,2,118,00,0,0,3547279,Lamar,Stevens,0,0,0,2,BOS,0
14055990,0,0,0,0.0,0,0,0.0,0,0,0.0,0,0,1037786,2023-11-20T00:00:00.000Z,4,121,2,118,00,0,0,56677864,Jordan,Walsh,0,0,0,2,BOS,0
14055991,0,0,0,0.0,0,0,0.0,0,0,0.0,0,0,1037786,2023-11-20T00:00:00.000Z,4,121,2,118,00,0,0,219,Al,Horford,0,0,0,2,BOS,0
14055992,0,0,0,0.0,0,0,0.0,0,0,0.0,0,0,1037786,2023-11-20T00:00:00.000Z,4,121,2,118,00,0,0,3547295,Nathan,Knight,0,0,0,2,BOS,0
14055993,0,0,0,0.0,0,0,0.0,0,0,0.0,0,0,1037786,2023-11-20T00:00:00.000Z,4,121,2,118,00,0,0,473,Derrick,White,0,0,0,2,BOS,0
14055994,0,2,4,0.0,0,0,0.4,10,4,0.0,0,0,1037787,2023-11-20T00:00:00.000Z,9,103,8,107,24,3,5,56677826,Ausar,Thompson,8,7,0,9,DET,0
14055995,1,2,10,0.5,2,1,0.5,8,4,1.0,2,2,1037787,2023-11-20T00:00:00.000Z,9,103,8,107,35,1,3,3547267,Isaiah,Stewart,11,11,0,9,DET,1
14055996,1,0,5,0.0,0,0,0.53846157,13,7,0.8,5,4,1037787,2023-11-20T00:00:00.000Z,9,103,8,107,26,3,4,24,Marvin,Bagley III,18,8,0,9,DET,1
14055997,9,1,3,0.5,4,2,0.4117647,17,7,1.0,11,11,1037787,2023-11-20T00:00:00.000Z,9,103,8,107,38,0,2,17896075,Cade,Cunningham,27,3,3,9,DET,5
14055998,3,0,2,1.0,1,1,0.875,8,7,1.0,2,2,1037787,2023-11-20T00:00:00.000Z,9,103,8,107,30,1,2,38017682,Jaden,Ivey,17,3,1,9,DET,4
14055999,2,0,3,0.0,4,0,0.2,5,1,0.5,2,1,1037787,2023-11-20T00:00:00.000Z,9,103,8,107,17,0,1,77,Alec,Burks,3,3,1,9,DET,1
14056000,0,0,0,0.0,0,0,0.0,0,0,0.0,0,0,1037787,2023-11-20T00:00:00.000Z,9,103,8,107,00,0,0,38017694,Jalen,Duren,0,0,0,9,DET,0
14056021,0,0,0,0.0,0,0,0.0,0,0,0.0,0,0,1037787,2023-11-20T00:00:00.000Z,9,103,8,107,00,0,0,17896007,Braxton,Key,0,0,0,8,DEN,0
14056022,0,1,0,1.0,1,1,0.6666667,3,2,0.6666667,3,2,1037787,2023-11-20T00:00:00.000Z,9,103,8,107,14,1,3,3547268,Zeke,Nnaji,7,1,1,8,DEN,1
14056023,1,0,1,0.0,0,0,1.0,1,1,0.0,0,0,1037787,2023-11-20T00:00:00.000Z,9,103,8,107,07,1,1,56677582,Jalen,Pickett,2,2,1,8,DEN,0
14056024,2,0,2,0.0,3,0,0.2,5,1,1.0,2,2,1037787,2023-11-20T00:00:00.000Z,9,103,8,107,15,0,1,56677776,Julian,Strawther,4,2,0,8,DEN,0
14056025,0,0,0,0.0,0,0,0.0,0,0,0.0,0,0,1037787,2023-11-20T00:00:00.000Z,9,103,8,107,00,0,0,56677871,Hunter,Tyson,0,0,0,8,DEN,0
14056026,2,2,1,0.0,0,0,0.5,2,1,1.0,2,2,1037787,2023-11-20T00:00:00.000Z,9,103,8,107,14,0,1,38017721,Peyton,Watson,4,1,0,8,DEN,1
14056027,0,0,0,0.0,0,0,0.0,0,0,0.0,0,0,1037787,2023-11-20T00:00:00.000Z,9,103,8,107,00,0,0,666489,Vlatko,Cancar,0,0,0,8,DEN,0
14056028,0,0,0,0.0,0,0,0.0,0,0,0.0,0,0,1037787,2023-11-20T00:00:00.000Z,9,103,8,107,00,0,0,17896103,Jay,Huff,0,0,0,8,DEN,0
14056029,0,0,0,0.0,0,0,0.0,0,0,0.0,0,0,1037787,2023-11-20T00:00:00.000Z,9,103,8,107,00,0,0,335,Jamal,Murray,0,0,0,8,DEN,0
14056001,2,0,0,0.0,1,0,0.0,2,0,0.0,0,0,1037787,2023-11-20T00:00:00.000Z,9,103,8,107,14,0,2,3547241,Killian,Hayes,0,0,2,9,DET,2
14056002,0,0,0,0.0,0,0,0.0,0,0,0.0,0,0,1037787,2023-11-20T00:00:00.000Z,9,103,8,107,00,0,0,259,Kevin,Knox,0,0,0,9,DET,0
14056003,1,0,2,0.0,3,0,0.14285715,7,1,1.0,4,4,1037787,2023-11-20T00:00:00.000Z,9,103,8,107,23,2,2,17896071,Isaiah,Livers,6,4,0,9,DET,2
14056004,0,0,0,0.0,1,0,0.5,2,1,0.0,0,0,1037787,2023-11-20T00:00:00.000Z,9,103,8,107,05,0,0,56677792,Marcus,Sasser,2,0,0,9,DET,0
14056005,2,0,1,0.6,5,3,0.5,8,4,0.0,0,0,1037787,2023-11-20T00:00:00.000Z,9,103,8,107,18,0,1,44477024,Stanley,Umude,11,1,0,9,DET,1
14056006,0,0,2,0.0,0,0,0.0,1,0,0.0,0,0,1037787,2023-11-20T00:00:00.000Z,9,103,8,107,10,1,2,3547240,James,Wiseman,0,3,0,9,DET,1
14056007,0,0,0,0.0,0,0,0.0,0,0,0.0,0,0,1037787,2023-11-20T00:00:00.000Z,9,103,8,107,00,0,0,54,Bojan,Bogdanovic,0,0,0,9,DET,0
14056008,0,0,0,0.0,0,0,0.0,0,0,0.0,0,0,1037787,2023-11-20T00:00:00.000Z,9,103,8,107,00,0,0,56677729,Malcolm,Cazalon,0,0,0,9,DET,0
14056009,0,0,0,0.0,0,0,0.0,0,0,0.0,0,0,1037787,2023-11-20T00:00:00.000Z,9,103,8,107,00,0,0,197,Joe,Harris,0,0,0,9,DET,0
14056010,0,0,0,0.0,0,0,0.0,0,0,0.0,0,0,1037787,2023-11-20T00:00:00.000Z,9,103,8,107,00,0,0,330,Monte,Morris,0,0,0,9,DET,0
14056011,0,0,0,0.0,0,0,0.0,0,0,0.0,0,0,1037787,2023-11-20T00:00:00.000Z,9,103,8,107,00,0,0,42097199,Jared,Rhoden,0,0,0,9,DET,0
14056012,2,1,9,0.44444445,9,4,0.33333334,15,5,0.0,1,0,1037787,2023-11-20T00:00:00.000Z,9,103,8,107,38,2,3,375,Michael,Porter Jr.,14,11,0,8,DEN,4
14056013,7,0,4,0.0,1,0,0.4,10,4,0.75,4,3,1037787,2023-11-20T00:00:00.000Z,9,103,8,107,37,4,1,177,Aaron,Gordon,11,8,1,8,DEN,2
14056014,5,1,5,0.25,4,1,0.5,8,4,0.0,0,0,1037787,2023-11-20T00:00:00.000Z,9,103,8,107,15,0,1,246,Nikola,Jokic,9,5,0,8,DEN,1
14056015,3,2,2,0.4,5,2,0.47058824,17,8,1.0,2,2,1037787,2023-11-20T00:00:00.000Z,9,103,8,107,36,1,2,81,Kentavious,Caldwell-Pope,20,3,2,8,DEN,3
14056016,6,1,3,0.33333334,3,1,0.6,15,9,0.6666667,3,2,1037787,2023-11-20T00:00:00.000Z,9,103,8,107,32,0,2,236,Reggie,Jackson,21,3,1,8,DEN,0
14056017,2,1,5,1.0,2,2,0.5,10,5,0.75,4,3,1037787,2023-11-20T00:00:00.000Z,9,103,8,107,32,1,2,38017709,Christian,Braun,15,6,1,8,DEN,2
14056018,0,0,0,0.0,0,0,0.0,0,0,0.0,0,0,1037787,2023-11-20T00:00:00.000Z,9,103,8,107,00,0,0,38017727,Collin,Gillespie,0,0,0,8,DEN,0
14056019,0,0,0,0.0,0,0,0.0,0,0,0.0,0,0,1037787,2023-11-20T00:00:00.000Z,9,103,8,107,00,0,0,215,Justin,Holiday,0,0,0,8,DEN,0
14056020,0,0,0,0.0,0,0,0.0,0,0,0.0,0,0,1037787,2023-11-20T00:00:00.000Z,9,103,8,107,00,0,0,250,DeAndre,Jordan,0,0,0,8,DEN,0
14056030,2,1,3,0.0,1,0,0.6,5,3,0.5,2,1,1037788,2023-11-20T00:00:00.000Z,30,129,17,142,32,1,3,3547242,Deni,Avdija,7,4,0,30,WAS,0
14056031,13,1,3,0.4,5,2,0.6666667,15,10,0.0,0,0,1037788,2023-11-20T00:00:00.000Z,30,129,17,142,31,0,2,265,Kyle,Kuzma,22,3,2,30,WAS,2
14056032,2,2,4,0.0,0,0,0.5,14,7,0.0,0,0,1037788,2023-11-20T00:00:00.000Z,30,129,17,142,29,2,3,666577,Daniel,Gafford,14,6,0,30,WAS,0
14056033,1,0,1,0.33333334,9,3,0.42307693,26,11,1.0,5,5,1037788,2023-11-20T00:00:00.000Z,30,129,17,142,33,0,4,666848,Jordan,Poole,30,1,0,30,WAS,0
14056034,3,0,2,0.0,1,0,0.6923077,13,9,0.0,0,0,1037788,2023-11-20T00:00:00.000Z,30,129,17,142,26,0,0,249,Tyus,Jones,18,2,0,30,WAS,0
14056035,0,0,0,0.0,0,0,0.0,0,0,0.0,0,0,1037788,2023-11-20T00:00:00.000Z,30,129,17,142,00,0,0,38017704,Patrick,Baldwin Jr.,0,0,0,30,WAS,0
14056036,0,0,0,0.0,0,0,0.0,0,0,0.0,0,0,1037788,2023-11-20T00:00:00.000Z,30,129,17,142,01,0,0,18677954,Jared,Butler,0,0,0,30,WAS,0
14056037,0,0,0,0.0,0,0,0.0,0,0,0.0,0,0,1037788,2023-11-20T00:00:00.000Z,30,129,17,142,00,0,0,38124126,John,Butler Jr.,0,0,0,30,WAS,0
14056038,1,0,2,1.0,2,2,0.71428573,7,5,0.0,0,0,1037788,2023-11-20T00:00:00.000Z,30,129,17,142,25,1,3,56677844,Bilal,Coulibaly,12,3,2,30,WAS,1
14056039,1,0,1,0.0,0,0,0.0,0,0,0.0,0,0,1037788,2023-11-20T00:00:00.000Z,30,129,17,142,06,0,0,38017687,Johnny,Davis,0,1,0,30,WAS,0
14056040,3,0,1,0.0,3,0,0.33333334,6,2,0.0,0,0,1037788,2023-11-20T00:00:00.000Z,30,129,17,142,18,1,1,167,Danilo,Gallinari,4,2,0,30,WAS,0
14056041,0,0,0,0.0,0,0,0.0,0,0,0.0,0,0,1037788,2023-11-20T00:00:00.000Z,30,129,17,142,01,0,0,3547302,Anthony,Gill,0,0,1,30,WAS,0
14056042,2,0,1,0.25,4,1,0.5555556,9,5,0.5,2,1,1037788,2023-11-20T00:00:00.000Z,30,129,17,142,21,1,1,17896045,Corey,Kispert,12,2,1,30,WAS,0
14056043,0,0,0,0.0,0,0,0.0,0,0,0.0,0,0,1037788,2023-11-20T00:00:00.000Z,30,129,17,142,00,0,0,337,Mike,Muscala,0,0,0,30,WAS,0
14056044,0,0,0,0.0,1,0,0.0,1,0,1.0,2,2,1037788,2023-11-20T00:00:00.000Z,30,129,17,142,01,0,0,17896106,Eugene,Omoruyi,2,0,0,30,WAS,0
14056045,0,0,0,0.0,0,0,0.0,0,0,0.0,0,0,1037788,2023-11-20T00:00:00.000Z,30,129,17,142,01,0,0,38017712,Ryan,Rollins,0,0,0,30,WAS,0
14056046,2,0,3,0.6666667,3,2,0.75,4,3,0.0,0,0,1037788,2023-11-20T00:00:00.000Z,30,129,17,142,15,0,2,414,Landry,Shamet,8,3,0,30,WAS,1
14056047,0,0,0,0.0,0,0,0.0,0,0,0.0,0,0,1037788,2023-11-20T00:00:00.000Z,30,129,17,142,00,0,0,487,Delon,Wright,0,0,0,30,WAS,0
14056048,7,0,5,0.0,2,0,0.5,12,6,0.85714287,7,6,1037788,2023-11-20T00:00:00.000Z,30,129,17,142,23,1,3,315,Khris,Middleton,18,6,0,17,MIL,4
14056049,8,1,7,0.0,0,0,0.8695652,23,20,0.33333334,6,2,1037788,2023-11-20T00:00:00.000Z,30,129,17,142,34,6,2,15,Giannis,Antetokounmpo,42,13,1,17,MIL,5
14056050,1,5,5,0.25,4,1,0.5833333,12,7,1.0,1,1,1037788,2023-11-20T00:00:00.000Z,30,129,17,142,32,4,0,283,Brook,Lopez,16,9,0,17,MIL,1
14056051,2,0,4,0.6,5,3,0.5555556,9,5,1.0,3,3,1037788,2023-11-20T00:00:00.000Z,30,129,17,142,33,1,0,38,Malik,Beasley,16,5,0,17,MIL,0
14056052,7,0,4,0.5,6,3,0.35714287,14,5,0.8181818,11,9,1037788,2023-11-20T00:00:00.000Z,30,129,17,142,33,1,1,278,Damian,Lillard,22,5,0,17,MIL,1
14056059,1,0,7,0.33333334,3,1,0.61538464,13,8,0.0,0,0,1037788,2023-11-20T00:00:00.000Z,30,129,17,142,23,1,2,377,Bobby,Portis,17,8,1,17,MIL,1
14056054,4,0,3,0.5,2,1,0.5,2,1,0.0,0,0,1037788,2023-11-20T00:00:00.000Z,30,129,17,142,27,1,1,105,Pat,Connaughton,3,4,0,17,MIL,0
14056055,1,0,2,0.0,3,0,0.25,4,1,0.0,0,0,1037788,2023-11-20T00:00:00.000Z,30,129,17,142,15,0,1,38017733,A.J.,Green,2,2,0,17,MIL,0
14056058,2,0,2,0.5,4,2,0.4,5,2,0.0,0,0,1037788,2023-11-20T00:00:00.000Z,30,129,17,142,17,0,1,368,Cameron,Payne,6,2,1,17,MIL,1
14056053,0,0,0,0.0,0,0,0.0,0,0,0.0,0,0,1037788,2023-11-20T00:00:00.000Z,30,129,17,142,01,0,0,2148,Thanasis,Antetokounmpo,0,0,0,17,MIL,0
14056056,0,0,0,0.0,0,0,0.0,0,0,0.0,0,0,1037788,2023-11-20T00:00:00.000Z,30,129,17,142,01,1,0,56677852,Andre,Jackson Jr.,0,1,0,17,MIL,0
14056057,0,0,0,0.0,0,0,0.0,0,0,0.0,0,0,1037788,2023-11-20T00:00:00.000Z,30,129,17,142,01,0,2,284,Robin,Lopez,0,0,0,17,MIL,0
14056060,0,0,0,0.0,0,0,0.0,0,0,0.0,0,0,1037788,2023-11-20T00:00:00.000Z,30,129,17,142,00,0,0,38017676,MarJon,Beauchamp,0,0,0,17,MIL,0
14056064,0,0,0,0.0,0,0,0.0,0,0,0.0,0,0,1037788,2023-11-20T00:00:00.000Z,30,129,17,142,00,0,0,38017691,TyTy,Washington Jr.,0,0,0,17,MIL,0
14056065,0,0,0,0.0,0,0,0.0,0,0,0.0,0,0,1037788,2023-11-20T00:00:00.000Z,30,129,17,142,00,0,0,666960,Lindell,Wigginton,0,0,0,17,MIL,0
14056061,0,0,0,0.0,0,0,0.0,0,0,0.0,0,0,1037788,2023-11-20T00:00:00.000Z,30,129,17,142,00,0,0,666453,Marques,Bolden,0,0,0,17,MIL,0
14056062,0,0,0,0.0,0,0,0.0,0,0,0.0,0,0,1037788,2023-11-20T00:00:00.000Z,30,129,17,142,00,0,0,112,Jae,Crowder,0,0,0,17,MIL,0
14056063,0,0,0,0.0,0,0,0.0,0,0,0.0,0,0,1037788,2023-11-20T00:00:00.000Z,30,129,17,142,00,0,0,56677854,Chris,Livingston,0,0,0,17,MIL,0
14056955,5,1,4,0.5,4,2,0.6,10,6,1.0,1,1,1037789,2023-11-20T00:00:00.000Z,5,100,16,118,34,0,1,125,DeMar,DeRozan,15,4,0,5,CHI,0
14056956,3,1,2,0.5,4,2,0.4,10,4,0.75,4,3,1037789,2023-11-20T00:00:00.000Z,5,100,16,118,27,2,1,89,Alex,Caruso,13,4,1,5,CHI,2
14056957,2,0,5,0.0,4,0,0.4375,16,7,1.0,4,4,1037789,2023-11-20T00:00:00.000Z,5,100,16,118,32,2,4,460,Nikola,Vucevic,18,7,0,5,CHI,2
14056958,5,0,3,0.33333334,6,2,0.5555556,9,5,1.0,1,1,1037789,2023-11-20T00:00:00.000Z,5,100,16,118,35,0,1,268,Zach,LaVine,13,3,0,5,CHI,1
14056959,3,1,5,0.5,8,4,0.6363636,11,7,1.0,2,2,1037789,2023-11-20T00:00:00.000Z,5,100,16,118,34,1,2,666956,Coby,White,20,6,1,5,CHI,2
14056960,1,1,0,0.0,4,0,0.0,5,0,0.0,0,0,1037789,2023-11-20T00:00:00.000Z,5,100,16,118,14,0,2,87,Jevon,Carter,0,0,0,5,CHI,1
14056961,0,0,1,0.0,3,0,0.2,5,1,0.0,0,0,1037789,2023-11-20T00:00:00.000Z,5,100,16,118,16,0,1,110,Torrey,Craig,2,1,0,5,CHI,0
14056973,3,0,1,1.0,1,1,0.75,4,3,0.0,0,0,1037789,2023-11-20T00:00:00.000Z,5,100,16,118,20,1,3,3092,Haywood,Highsmith,7,2,1,16,MIA,1
14056974,6,0,8,0.0,0,0,0.5714286,14,8,0.7777778,9,7,1037789,2023-11-20T00:00:00.000Z,5,100,16,118,30,3,3,4,Bam,Adebayo,23,11,1,16,MIA,1
14056975,2,0,2,0.6666667,9,6,0.6363636,11,7,1.0,2,2,1037789,2023-11-20T00:00:00.000Z,5,100,16,118,30,0,3,397,Duncan,Robinson,22,2,0,16,MIA,0
14056976,6,0,4,0.5,4,2,0.5,6,3,0.0,0,0,1037789,2023-11-20T00:00:00.000Z,5,100,16,118,27,1,1,286,Kyle,Lowry,8,5,0,16,MIA,1
14056978,4,0,1,0.75,4,3,0.61538464,13,8,0.0,0,0,1037789,2023-11-20T00:00:00.000Z,5,100,16,118,33,2,1,56677785,Jaime,Jaquez Jr.,19,3,2,16,MIA,0
14056979,1,0,8,0.6,5,3,0.6666667,6,4,0.0,0,0,1037789,2023-11-20T00:00:00.000Z,5,100,16,118,15,0,2,285,Kevin,Love,11,8,0,16,MIA,1
14056980,2,0,5,0.0,3,0,0.16666667,6,1,0.0,0,0,1037789,2023-11-20T00:00:00.000Z,5,100,16,118,21,0,1,666747,Caleb,Martin,2,5,0,16,MIA,0
14056981,1,1,2,0.33333334,6,2,0.33333334,12,4,0.0,0,0,1037789,2023-11-20T00:00:00.000Z,5,100,16,118,30,2,2,391,Josh,Richardson,10,4,0,16,MIA,3
14056962,1,0,1,0.0,1,0,0.33333334,3,1,1.0,4,4,1037789,2023-11-20T00:00:00.000Z,5,100,16,118,12,1,2,17895983,Ayo,Dosunmu,6,2,0,5,CHI,0
14056963,1,1,4,0.0,0,0,0.33333334,3,1,0.0,0,0,1037789,2023-11-20T00:00:00.000Z,5,100,16,118,14,0,1,137,Andre,Drummond,2,4,0,5,CHI,0
14056964,0,0,1,0.0,0,0,0.5,2,1,0.0,0,0,1037789,2023-11-20T00:00:00.000Z,5,100,16,118,03,0,1,56677857,Julian,Phillips,2,1,0,5,CHI,0
14056965,0,0,0,0.0,0,0,0.0,0,0,0.0,0,0,1037789,2023-11-20T00:00:00.000Z,5,100,16,118,02,0,0,17896116,Terry,Taylor,0,0,0,5,CHI,0
14056966,0,0,0,0.0,0,0,0.0,0,0,0.0,0,0,1037789,2023-11-20T00:00:00.000Z,5,100,16,118,00,0,0,38017719,Dalen,Terry,0,0,0,5,CHI,0
14056967,0,2,3,0.33333334,3,1,0.5714286,7,4,0.0,0,0,1037789,2023-11-20T00:00:00.000Z,5,100,16,118,17,0,0,3547248,Patrick,Williams,9,3,0,5,CHI,2
14056968,0,0,0,0.0,0,0,0.0,0,0,0.0,0,0,1037789,2023-11-20T00:00:00.000Z,5,100,16,118,00,0,0,27,Lonzo,Ball,0,0,0,5,CHI,0
14056969,0,0,0,0.0,0,0,0.0,0,0,0.0,0,0,1037789,2023-11-20T00:00:00.000Z,5,100,16,118,00,0,0,56677874,Onuralp,Bitim,0,0,0,5,CHI,0
14056971,0,0,0,0.0,0,0,0.0,0,0,0.0,0,0,1037789,2023-11-20T00:00:00.000Z,5,100,16,118,00,0,0,56677860,Adama,Sanogo,0,0,0,5,CHI,0
14056972,6,0,3,0.0,2,0,0.36363637,11,4,0.8888889,9,8,1037789,2023-11-20T00:00:00.000Z,5,100,16,118,29,0,2,79,Jimmy,Butler,16,3,1,16,MIA,1
14056977,0,0,0,0.0,0,0,0.0,0,0,0.0,0,0,1037789,2023-11-20T00:00:00.000Z,5,100,16,118,00,0,0,74,Thomas,Bryant,0,0,0,16,MIA,0
14056982,0,0,0,0.0,0,0,0.0,0,0,0.0,0,0,1037789,2023-11-20T00:00:00.000Z,5,100,16,118,02,0,1,39398582,Orlando,Robinson,0,0,0,16,MIA,0
14056983,0,0,1,0.0,1,0,0.0,1,0,0.0,0,0,1037789,2023-11-20T00:00:00.000Z,5,100,16,118,03,0,0,19465585,Dru,Smith,0,1,1,16,MIA,0
14056984,0,0,0,0.0,0,0,0.0,0,0,0.0,0,0,1037789,2023-11-20T00:00:00.000Z,5,100,16,118,00,0,0,38017734,Jamal,Cain,0,0,0,16,MIA,0
14056985,0,0,0,0.0,0,0,0.0,0,0,0.0,0,0,1037789,2023-11-20T00:00:00.000Z,5,100,16,118,00,0,0,3547257,R.J.,Hampton,0,0,0,16,MIA,0
14056986,0,0,0,0.0,0,0,0.0,0,0,0.0,0,0,1037789,2023-11-20T00:00:00.000Z,5,100,16,118,00,0,0,666633,Tyler,Herro,0,0,0,16,MIA,0
14056987,0,0,0,0.0,0,0,0.0,0,0,0.0,0,0,1037789,2023-11-20T00:00:00.000Z,5,100,16,118,00,0,0,38017696,Nikola,Jovic,0,0,0,16,MIA,0
14056988,0,0,0,0.0,0,0,0.0,0,0,0.0,0,0,1037789,2023-11-20T00:00:00.000Z,5,100,16,118,00,0,0,38017736,Cole,Swider,0,0,0,16,MIA,0
14056970,0,0,0,0.0,0,0,0.0,0,0,0.0,0,0,1037789,2023-11-20T00:00:00.000Z,5,100,16,118,00,0,0,45969255,Justin,Lewis,0,0,0,5,CHI,0
14056637,0,0,1,0.0,0,0,1.0,2,2,0.0,0,0,1037790,2023-11-20T00:00:00.000Z,18,117,20,100,05,0,0,3547259,Jaden,McDaniels,4,1,0,18,MIN,1
14056638,4,2,5,0.6666667,3,2,0.6,10,6,0.85714287,7,6,1037790,2023-11-20T00:00:00.000Z,18,117,20,100,36,0,6,447,Karl-Anthony,Towns,20,5,3,18,MIN,3
14056639,1,2,4,0.0,0,0,1.0,7,7,0.2857143,7,2,1037790,2023-11-20T00:00:00.000Z,18,117,20,100,26,3,2,176,Rudy,Gobert,16,7,0,18,MIN,1
14056640,5,0,8,0.16666667,6,1,0.42857143,21,9,1.0,4,4,1037790,2023-11-20T00:00:00.000Z,18,117,20,100,39,2,1,3547238,Anthony,Edwards,23,10,2,18,MIN,3
14056641,5,1,1,0.375,8,3,0.33333334,9,3,1.0,2,2,1037790,2023-11-20T00:00:00.000Z,18,117,20,100,28,0,3,104,Mike,Conley,11,1,0,18,MIN,0
14056642,3,0,2,0.5,6,3,0.5,8,4,0.0,0,0,1037790,2023-11-20T00:00:00.000Z,18,117,20,100,33,1,2,666400,Nickeil,Alexander-Walker,11,3,0,18,MIN,0
14056643,5,2,2,0.0,0,0,0.75,4,3,0.6,5,3,1037790,2023-11-20T00:00:00.000Z,18,117,20,100,23,0,2,12,Kyle,Anderson,9,2,1,18,MIN,1
14056648,1,0,3,0.16666667,6,1,0.375,8,3,1.0,3,3,1037790,2023-11-20T00:00:00.000Z,18,117,20,100,18,0,6,667378,Naz,Reid,10,3,1,18,MIN,3
14056654,1,0,5,0.75,4,3,0.30769232,13,4,0.75,4,3,1037790,2023-11-20T00:00:00.000Z,18,117,20,100,22,2,5,666423,RJ,Barrett,14,7,1,20,NYK,4
14056655,1,0,11,0.16666667,6,1,0.375,16,6,0.6666667,12,8,1037790,2023-11-20T00:00:00.000Z,18,117,20,100,34,3,2,387,Julius,Randle,21,14,0,20,NYK,2
14056656,0,2,4,0.0,0,0,0.71428573,7,5,0.0,0,0,1037790,2023-11-20T00:00:00.000Z,18,117,20,100,30,7,3,399,Mitchell,Robinson,10,11,2,20,NYK,2
14056657,2,0,1,0.0,6,0,0.0,6,0,0.0,0,0,1037790,2023-11-20T00:00:00.000Z,18,117,20,100,25,0,2,17895858,Quentin,Grimes,0,1,2,20,NYK,0
14056658,6,0,4,0.5,6,3,0.46666667,15,7,1.0,8,8,1037790,2023-11-20T00:00:00.000Z,18,117,20,100,36,0,2,73,Jalen,Brunson,25,4,0,20,NYK,1
14056659,0,0,1,0.0,0,0,0.0,0,0,0.0,0,0,1037790,2023-11-20T00:00:00.000Z,18,117,20,100,03,0,0,19,Ryan,Arcidiacono,0,1,0,20,NYK,0
14056660,5,0,1,0.16666667,6,1,0.25,8,2,1.0,2,2,1037790,2023-11-20T00:00:00.000Z,18,117,20,100,26,2,3,131,Donte,DiVincenzo,7,3,1,20,NYK,0
14056661,1,0,1,0.0,2,0,0.33333334,6,2,0.0,0,0,1037790,2023-11-20T00:00:00.000Z,18,117,20,100,24,0,0,202,Josh,Hart,4,1,2,20,NYK,0
14056662,0,1,2,0.0,0,0,0.33333334,3,1,0.0,0,0,1037790,2023-11-20T00:00:00.000Z,18,117,20,100,14,3,3,201,Isaiah,Hartenstein,2,5,0,20,NYK,1
14056663,0,0,1,0.0,1,0,0.0,3,0,0.0,2,0,1037790,2023-11-20T00:00:00.000Z,18,117,20,100,03,0,0,666675,DaQuan,Jeffries,0,1,0,20,NYK,0
14056664,0,0,0,0.0,0,0,0.0,0,0,0.0,0,0,1037790,2023-11-20T00:00:00.000Z,18,117,20,100,03,0,0,17896033,Miles,McBride,0,0,0,20,NYK,0
14056665,0,0,1,0.14285715,7,1,0.2857143,14,4,1.0,6,6,1037790,2023-11-20T00:00:00.000Z,18,117,20,100,17,0,3,3547269,Immanuel,Quickley,15,1,0,20,NYK,0
14056666,0,0,1,0.0,0,0,1.0,1,1,0.0,0,0,1037790,2023-11-20T00:00:00.000Z,18,117,20,100,03,0,0,17896063,Jericho,Sims,2,1,0,20,NYK,0
14056667,0,0,0,0.0,0,0,0.0,0,0,0.0,0,0,1037790,2023-11-20T00:00:00.000Z,18,117,20,100,00,0,0,666474,Charles,Brown,0,0,0,20,NYK,0
14056668,0,0,0,0.0,0,0,0.0,0,0,0.0,0,0,1037790,2023-11-20T00:00:00.000Z,18,117,20,100,00,0,0,160,Evan,Fournier,0,0,0,20,NYK,0
14056669,0,0,0,0.0,0,0,0.0,0,0,0.0,0,0,1037790,2023-11-20T00:00:00.000Z,18,117,20,100,00,0,0,56677795,Jacob,Toppin,0,0,0,20,NYK,0
14056670,0,0,0,0.0,0,0,0.0,0,0,0.0,0,0,1037790,2023-11-20T00:00:00.000Z,18,117,20,100,00,0,0,17896089,Duane,Washington Jr.,0,0,0,20,NYK,0
14056671,0,0,0,0.0,0,0,0.0,0,0,0.0,0,0,1037790,2023-11-20T00:00:00.000Z,18,117,20,100,00,0,0,666971,Dylan,Windler,0,0,0,20,NYK,0
14056646,4,0,5,0.0,2,0,0.4,5,2,1.0,2,2,1037790,2023-11-20T00:00:00.000Z,18,117,20,100,14,0,1,320,Shake,Milton,6,5,0,18,MIN,1
14056644,2,0,4,0.33333334,3,1,0.2,5,1,1.0,2,2,1037790,2023-11-20T00:00:00.000Z,18,117,20,100,17,1,2,68,Troy,Brown Jr.,5,5,0,18,MIN,0
14056645,0,0,0,0.0,0,0,0.0,0,0,0.0,0,0,1037790,2023-11-20T00:00:00.000Z,18,117,20,100,00,0,0,666767,Jordan,McLaughlin,0,0,0,18,MIN,0
14056647,0,0,2,0.0,0,0,1.0,1,1,0.0,0,0,1037790,2023-11-20T00:00:00.000Z,18,117,20,100,01,0,1,38017715,Josh,Minott,2,2,0,18,MIN,0
14056649,0,0,0,0.0,0,0,0.0,0,0,0.0,0,0,1037790,2023-11-20T00:00:00.000Z,18,117,20,100,00,0,0,56677851,Jaylen,Clark,0,0,0,18,MIN,0
14056650,0,0,0,0.0,0,0,0.0,0,0,0.0,0,0,1037790,2023-11-20T00:00:00.000Z,18,117,20,100,00,0,0,17896056,Luka,Garza,0,0,0,18,MIN,0
14056651,0,0,0,0.0,0,0,0.0,0,0,0.0,0,0,1037790,2023-11-20T00:00:00.000Z,18,117,20,100,00,0,0,56677782,Leonard,Miller,0,0,0,18,MIN,0
14056652,0,0,0,0.0,0,0,0.0,0,0,0.0,0,0,1037790,2023-11-20T00:00:00.000Z,18,117,20,100,00,0,0,38017700,Wendell,Moore Jr.,0,0,0,18,MIN,0
14056653,0,0,0,0.0,0,0,0.0,0,0,0.0,0,0,1037790,2023-11-20T00:00:00.000Z,18,117,20,100,00,0,0,17895968,Daishen,Nix,0,0,0,18,MIN,0
14056743,3,0,4,1.0,5,5,0.6111111,18,11,1.0,4,4,1037791,2023-11-20T00:00:00.000Z,19,129,26,93,26,0,0,227,Brandon,Ingram,31,4,0,19,NOP,1
14056744,5,1,3,0.0,0,0,0.75,16,12,1.0,2,2,1037791,2023-11-20T00:00:00.000Z,19,129,26,93,30,0,2,666969,Zion,Williamson,26,3,3,19,NOP,1
14056745,7,3,12,0.0,0,0,0.75,4,3,1.0,4,4,1037791,2023-11-20T00:00:00.000Z,19,129,26,93,21,1,3,455,Jonas,Valanciunas,10,13,1,19,NOP,0
14056746,4,2,6,0.5,2,1,0.7777778,9,7,0.75,4,3,1037791,2023-11-20T00:00:00.000Z,19,129,26,93,27,1,4,17896024,Herbert,Jones,18,7,1,19,NOP,1
14056747,5,0,2,0.25,4,1,0.25,4,1,0.0,0,0,1037791,2023-11-20T00:00:00.000Z,19,129,26,93,25,0,2,38017677,Dyson,Daniels,3,2,1,19,NOP,0
14056748,3,0,0,0.33333334,3,1,0.4,5,2,0.0,0,0,1037791,2023-11-20T00:00:00.000Z,19,129,26,93,15,0,0,17896097,Jose,Alvarado,5,0,0,19,NOP,2
14056749,2,0,4,0.4,5,2,0.27272728,11,3,1.0,1,1,1037791,2023-11-20T00:00:00.000Z,19,129,26,93,29,1,2,56677837,Jordan,Hawkins,9,5,0,19,NOP,1
14056750,2,0,0,0.5,2,1,0.33333334,3,1,0.0,0,0,1037791,2023-11-20T00:00:00.000Z,19,129,26,93,06,0,1,3547260,Kira,Lewis Jr.,3,0,1,19,NOP,0
14056760,0,0,4,0.5,6,3,0.44444445,9,4,0.8333333,6,5,1037791,2023-11-20T00:00:00.000Z,19,129,26,93,30,0,0,30,Harrison,Barnes,16,4,1,26,SAC,0
14056761,0,1,1,0.5,2,1,0.25,4,1,1.0,2,2,1037791,2023-11-20T00:00:00.000Z,19,129,26,93,16,2,2,38017688,Keegan,Murray,5,3,1,26,SAC,0
14056762,8,0,5,0.0,0,0,0.5,8,4,0.6666667,3,2,1037791,2023-11-20T00:00:00.000Z,19,129,26,93,31,5,4,406,Domantas,Sabonis,10,10,0,26,SAC,5
14056763,3,0,0,0.25,8,2,0.4,10,4,0.0,0,0,1037791,2023-11-20T00:00:00.000Z,19,129,26,93,23,0,1,221,Kevin,Huerter,10,0,0,26,SAC,0
14056764,0,0,2,0.16666667,12,2,0.2777778,18,5,0.5,4,2,1037791,2023-11-20T00:00:00.000Z,19,129,26,93,29,0,1,161,De'Aaron,Fox,14,2,1,26,SAC,2
14056765,0,0,2,0.0,2,0,0.0,2,0,0.0,0,0,1037791,2023-11-20T00:00:00.000Z,19,129,26,93,08,0,1,17896030,Chris,Duarte,0,2,0,26,SAC,0
14056769,8,0,0,0.0,2,0,0.0,2,0,1.0,2,2,1037791,2023-11-20T00:00:00.000Z,19,129,26,93,19,0,1,17553994,Davion,Mitchell,2,0,0,26,SAC,1
14056770,5,0,0,0.33333334,6,2,0.27272728,11,3,0.0,0,0,1037791,2023-11-20T00:00:00.000Z,19,129,26,93,24,0,2,324,Malik,Monk,8,0,0,26,SAC,1
14056751,4,0,6,0.2,5,1,0.45454547,11,5,0.0,0,0,1037791,2023-11-20T00:00:00.000Z,19,129,26,93,26,1,2,3547293,Naji,Marshall,11,7,1,19,NOP,3
14056752,0,0,0,0.0,0,0,0.0,0,0,0.0,0,0,1037791,2023-11-20T00:00:00.000Z,19,129,26,93,00,0,0,340,Larry,Nance Jr.,0,0,0,19,NOP,0
14056753,1,0,2,0.0,1,0,0.25,4,1,1.0,2,2,1037791,2023-11-20T00:00:00.000Z,19,129,26,93,12,3,1,17896021,Jeremiah,Robinson-Earl,4,5,0,19,NOP,0
14056754,2,0,6,0.0,1,0,0.5714286,7,4,0.25,4,1,1037791,2023-11-20T00:00:00.000Z,19,129,26,93,23,3,2,491,Cody,Zeller,9,9,0,19,NOP,1
14056755,0,0,0,0.0,0,0,0.0,0,0,0.0,0,0,1037791,2023-11-20T00:00:00.000Z,19,129,26,93,00,0,0,38017663,E.J.,Liddell,0,0,0,19,NOP,0
14056756,0,0,0,0.0,0,0,0.0,0,0,0.0,0,0,1037791,2023-11-20T00:00:00.000Z,19,129,26,93,00,0,0,303,CJ,McCollum,0,0,0,19,NOP,0
14056757,0,0,0,0.0,0,0,0.0,0,0,0.0,0,0,1037791,2023-11-20T00:00:00.000Z,19,129,26,93,00,0,0,18677986,Trey,Murphy III,0,0,0,19,NOP,0
14056758,0,0,0,0.0,0,0,0.0,0,0,0.0,0,0,1037791,2023-11-20T00:00:00.000Z,19,129,26,93,00,0,0,17896017,Matt,Ryan,0,0,0,19,NOP,0
14056759,0,0,0,0.0,0,0,0.0,0,0,0.0,0,0,1037791,2023-11-20T00:00:00.000Z,19,129,26,93,00,0,0,38017726,Dereon,Seabron,0,0,0,19,NOP,0
14056772,2,1,3,0.0,1,0,0.6666667,3,2,0.0,0,0,1037791,2023-11-20T00:00:00.000Z,19,129,26,93,12,0,1,56677862,Jalen,Slawson,4,3,0,26,SAC,1
14056773,0,0,0,0.0,0,0,0.0,0,0,0.0,0,0,1037791,2023-11-20T00:00:00.000Z,19,129,26,93,00,0,0,4197162,Aleksandar,Vezenkov,0,0,0,26,SAC,0
14056774,0,0,0,0.0,0,0,0.0,0,0,0.0,0,0,1037791,2023-11-20T00:00:00.000Z,19,129,26,93,00,0,0,38017714,Keon,Ellis,0,0,0,26,SAC,0
14056775,0,0,0,0.0,0,0,0.0,0,0,0.0,0,0,1037791,2023-11-20T00:00:00.000Z,19,129,26,93,00,0,0,17895990,Jordan,Ford,0,0,0,26,SAC,0
14056776,0,0,0,0.0,0,0,0.0,0,0,0.0,0,0,1037791,2023-11-20T00:00:00.000Z,19,129,26,93,00,0,0,273,Alex,Len,0,0,0,26,SAC,0
14056777,0,0,0,0.0,0,0,0.0,0,0,0.0,0,0,1037791,2023-11-20T00:00:00.000Z,19,129,26,93,00,0,0,290,Trey,Lyles,0,0,0,26,SAC,0
14056768,1,2,5,0.0,0,0,0.6666667,6,4,0.5,4,2,1037791,2023-11-20T00:00:00.000Z,19,129,26,93,13,2,3,306,JaVale,McGee,10,7,0,26,SAC,3
14056767,0,0,1,0.0,2,0,0.5,8,4,0.0,1,0,1037791,2023-11-20T00:00:00.000Z,19,129,26,93,14,0,2,56677845,Colby,Jones,8,1,1,26,SAC,0
14056766,0,1,4,0.25,4,1,0.25,4,1,0.0,0,0,1037791,2023-11-20T00:00:00.000Z,19,129,26,93,15,0,2,17896044,Kessler,Edwards,3,4,0,26,SAC,0
14056771,0,0,0,0.0,0,0,0.5,2,1,0.5,2,1,1037791,2023-11-20T00:00:00.000Z,19,129,26,93,06,0,1,17895941,Filip,Petrusev,3,0,0,26,SAC,0
14056601,5,0,8,0.25,8,2,0.5625,16,9,0.5,4,2,1037792,2023-11-20T00:00:00.000Z,27,99,13,124,32,2,2,666682,Keldon,Johnson,22,10,1,27,SAS,1
14056602,4,2,3,0.0,4,0,0.33333334,12,4,1.0,1,1,1037792,2023-11-20T00:00:00.000Z,27,99,13,124,26,0,1,56677822,Victor,Wembanyama,9,3,0,27,SAS,2
14056603,0,0,3,0.2,5,1,0.36363637,11,4,0.75,4,3,1037792,2023-11-20T00:00:00.000Z,27,99,13,124,28,0,1,102,Zach,Collins,12,3,2,27,SAS,2
14056604,1,1,3,0.2,5,1,0.2857143,7,2,0.0,0,0,1037792,2023-11-20T00:00:00.000Z,27,99,13,124,23,1,2,38017649,Julian,Champagnie,5,4,1,27,SAS,1
14056605,1,0,6,0.0,3,0,0.25,12,3,1.0,2,2,1037792,2023-11-20T00:00:00.000Z,27,99,13,124,29,2,1,38017699,Jeremy,Sochan,8,8,0,27,SAS,1
14056606,0,0,0,0.0,0,0,0.0,0,0,0.0,0,0,1037792,2023-11-20T00:00:00.000Z,27,99,13,124,00,0,0,38017730,Dominick,Barlow,0,0,0,27,SAS,0
14056607,3,4,8,0.0,0,0,0.33333334,3,1,0.0,0,0,1037792,2023-11-20T00:00:00.000Z,27,99,13,124,18,4,2,17895854,Charles,Bassey,2,12,0,27,SAS,3
14056608,1,0,0,0.6666667,3,2,0.6666667,6,4,0.0,0,0,1037792,2023-11-20T00:00:00.000Z,27,99,13,124,21,0,2,38017692,Malaki,Branham,10,0,0,27,SAS,2
14056609,0,0,0,0.0,0,0,0.0,0,0,0.0,0,0,1037792,2023-11-20T00:00:00.000Z,27,99,13,124,04,0,0,56677817,Sidy,Cissoko,0,0,0,27,SAS,1
14056610,0,0,0,0.0,0,0,0.0,0,0,0.0,0,0,1037792,2023-11-20T00:00:00.000Z,27,99,13,124,00,0,0,180,Devonte',Graham,0,0,0,27,SAS,0
14056611,5,0,0,0.33333334,3,1,0.4,10,4,1.0,2,2,1037792,2023-11-20T00:00:00.000Z,27,99,13,124,23,2,1,3547274,Tre,Jones,11,2,0,27,SAS,3
14056612,0,0,0,0.0,0,0,0.0,0,0,0.0,0,0,1037792,2023-11-20T00:00:00.000Z,27,99,13,124,00,0,0,17896059,Sandro,Mamukelashvili,0,0,0,27,SAS,0
14056628,2,0,4,1.0,1,1,0.8,10,8,1.0,2,2,1037792,2023-11-20T00:00:00.000Z,27,99,13,124,22,3,4,439,Daniel,Theis,19,7,1,13,LAC,1
14056629,0,0,5,0.0,0,0,0.0,0,0,0.0,0,0,1037792,2023-11-20T00:00:00.000Z,27,99,13,124,16,0,2,450,PJ,Tucker,0,5,0,13,LAC,0
14056630,6,0,2,0.0,1,0,0.36363637,11,4,0.5,4,2,1037792,2023-11-20T00:00:00.000Z,27,99,13,124,25,0,1,472,Russell,Westbrook,10,2,3,13,LAC,0
14056631,0,0,0,0.0,0,0,0.0,0,0,0.0,0,0,1037792,2023-11-20T00:00:00.000Z,27,99,13,124,00,0,0,17896022,Brandon,Boston Jr.,0,0,0,13,LAC,0
14056632,0,0,0,0.0,0,0,0.0,0,0,0.0,0,0,1037792,2023-11-20T00:00:00.000Z,27,99,13,124,00,0,0,56677849,Kobe,Brown,0,0,0,13,LAC,0
14056633,0,0,0,0.0,0,0,0.0,0,0,0.0,0,0,1037792,2023-11-20T00:00:00.000Z,27,99,13,124,00,0,0,56677856,Jordan,Miller,0,0,0,13,LAC,0
14056634,0,0,0,0.0,0,0,0.0,0,0,0.0,0,0,1037792,2023-11-20T00:00:00.000Z,27,99,13,124,00,0,0,24417679,Xavier,Moon,0,0,0,13,LAC,0
14056635,0,0,0,0.0,0,0,0.0,0,0,0.0,0,0,1037792,2023-11-20T00:00:00.000Z,27,99,13,124,00,0,0,371,Mason,Plumlee,0,0,0,13,LAC,0
14056636,0,0,0,0.0,0,0,0.0,0,0,0.0,0,0,1037792,2023-11-20T00:00:00.000Z,27,99,13,124,00,0,0,17896051,Joshua,Primo,0,0,0,13,LAC,0
14056620,6,0,5,0.5,8,4,0.6875,16,11,1.0,2,2,1037792,2023-11-20T00:00:00.000Z,27,99,13,124,32,0,1,172,Paul,George,28,5,1,13,LAC,2
14056621,0,1,9,0.0,0,0,0.6,5,3,1.0,2,2,1037792,2023-11-20T00:00:00.000Z,27,99,13,124,22,2,0,493,Ivica,Zubac,8,11,0,13,LAC,1
14056622,2,0,6,0.0,4,0,0.0,6,0,0.0,0,0,1037792,2023-11-20T00:00:00.000Z,27,99,13,124,25,0,0,666743,Terance,Mann,0,6,3,13,LAC,1
14056623,10,0,2,0.25,8,2,0.33333334,12,4,1.0,3,3,1037792,2023-11-20T00:00:00.000Z,27,99,13,124,28,1,2,192,James,Harden,13,3,2,13,LAC,0
14056624,0,0,0,0.0,0,0,0.0,1,0,0.0,0,0,1037792,2023-11-20T00:00:00.000Z,27,99,13,124,04,0,0,666511,Amir,Coffey,0,0,0,13,LAC,0
14056625,0,0,0,0.0,0,0,0.5,2,1,0.5,2,1,1037792,2023-11-20T00:00:00.000Z,27,99,13,124,04,2,0,38017725,Moussa,Diabate,3,2,2,13,LAC,0
14056626,1,0,1,0.5,2,1,0.33333334,3,1,0.0,0,0,1037792,2023-11-20T00:00:00.000Z,27,99,13,124,04,0,0,17896031,Nah'Shon,Hyland,3,1,0,13,LAC,1
14056627,0,1,5,0.33333334,6,2,0.41666666,12,5,1.0,7,7,1037792,2023-11-20T00:00:00.000Z,27,99,13,124,30,0,0,380,Norman,Powell,19,5,2,13,LAC,1
14056613,2,0,2,0.33333334,3,1,0.33333334,3,1,0.0,0,0,1037792,2023-11-20T00:00:00.000Z,27,99,13,124,14,0,1,305,Doug,McDermott,3,2,0,27,SAS,0
14056614,1,0,3,0.6666667,3,2,0.7777778,9,7,1.0,1,1,1037792,2023-11-20T00:00:00.000Z,27,99,13,124,22,1,4,359,Cedi,Osman,17,4,0,27,SAS,0
14056615,0,0,0,0.0,0,0,0.0,0,0,0.0,0,0,1037792,2023-11-20T00:00:00.000Z,27,99,13,124,00,0,0,56677870,Sir'Jabari,Rice,0,0,0,27,SAS,0
14056616,0,0,0,0.0,0,0,0.0,0,0,0.0,0,0,1037792,2023-11-20T00:00:00.000Z,27,99,13,124,00,0,0,56677865,Charles,Bediako,0,0,0,27,SAS,0
14056617,0,0,0,0.0,0,0,0.0,0,0,0.0,0,0,1037792,2023-11-20T00:00:00.000Z,27,99,13,124,00,0,0,3547246,Devin,Vassell,0,0,0,27,SAS,0
14056618,0,0,0,0.0,0,0,0.0,0,0,0.0,0,0,1037792,2023-11-20T00:00:00.000Z,27,99,13,124,00,0,0,38017693,Blake,Wesley,0,0,0,27,SAS,0
14056619,3,0,2,0.33333334,6,2,0.47058824,17,8,1.0,3,3,1037792,2023-11-20T00:00:00.000Z,27,99,13,124,28,2,0,274,Kawhi,Leonard,21,4,1,13,LAC,0
14059599,3,0,3,0.45454547,11,5,0.4375,16,7,1.0,1,1,1037793,2023-11-20T00:00:00.000Z,10,121,11,116,31,0,1,443,Klay,Thompson,20,3,0,10,GSW,1
14059600,1,0,3,0.6666667,3,2,0.3,10,3,1.0,4,4,1037793,2023-11-20T00:00:00.000Z,10,121,11,116,30,4,2,475,Andrew,Wiggins,12,7,0,10,GSW,0
14059601,3,0,4,0.0,0,0,0.5,4,2,0.75,4,3,1037793,2023-11-20T00:00:00.000Z,10,121,11,116,22,1,3,282,Kevon,Looney,7,5,0,10,GSW,0
14059602,12,0,5,0.6,5,3,0.5714286,7,4,1.0,4,4,1037793,2023-11-20T00:00:00.000Z,10,121,11,116,34,1,4,367,Chris,Paul,15,6,2,10,GSW,1
14059603,1,0,5,0.5555556,9,5,0.5714286,14,8,0.9166667,12,11,1037793,2023-11-20T00:00:00.000Z,10,121,11,116,35,0,2,115,Stephen,Curry,32,5,0,10,GSW,4
14059604,0,0,0,0.0,0,0,0.0,0,0,0.0,0,0,1037793,2023-11-20T00:00:00.000Z,10,121,11,116,00,0,0,185,Draymond,Green,0,0,0,10,GSW,0
14059605,0,0,0,0.0,0,0,0.0,0,0,0.0,0,0,1037793,2023-11-20T00:00:00.000Z,10,121,11,116,04,0,0,56677799,Trayce,Jackson-Davis,0,0,0,10,GSW,0
14059606,0,0,0,0.0,0,0,0.0,0,0,0.0,0,0,1037793,2023-11-20T00:00:00.000Z,10,121,11,116,00,0,0,251,Cory,Joseph,0,0,0,10,GSW,0
14059607,1,0,3,0.33333334,3,1,0.42857143,7,3,0.0,2,0,1037793,2023-11-20T00:00:00.000Z,10,121,11,116,18,0,3,17553979,Jonathan,Kuminga,7,3,0,10,GSW,1
14059608,0,0,2,0.33333334,3,1,0.42857143,7,3,0.0,0,0,1037793,2023-11-20T00:00:00.000Z,10,121,11,116,22,2,2,17553992,Moses,Moody,7,4,0,10,GSW,0
14059609,3,0,5,0.5,2,1,0.5,2,1,0.0,0,0,1037793,2023-11-20T00:00:00.000Z,10,121,11,116,18,0,2,56677858,Brandin,Podziemski,3,5,0,10,GSW,0
14059610,0,0,0,0.0,0,0,0.0,0,0,0.0,0,0,1037793,2023-11-20T00:00:00.000Z,10,121,11,116,00,0,0,57875092,Gui,Santos,0,0,0,10,GSW,0
14059611,2,1,5,0.42857143,7,3,0.5,10,5,0.8333333,6,5,1037793,2023-11-20T00:00:00.000Z,10,121,11,116,26,0,2,407,Dario,Saric,18,5,1,10,GSW,1
14059612,0,0,0,0.0,0,0,0.0,0,0,0.0,0,0,1037793,2023-11-20T00:00:00.000Z,10,121,11,116,00,0,0,17896070,Usman,Garuba,0,0,0,10,GSW,0
14059613,0,0,0,0.0,0,0,0.0,0,0,0.0,0,0,1037793,2023-11-20T00:00:00.000Z,10,121,11,116,00,0,0,2189,Gary,Payton II,0,0,0,10,GSW,0
14059614,0,0,0,0.0,0,0,0.0,0,0,0.0,0,0,1037793,2023-11-20T00:00:00.000Z,10,121,11,116,00,0,0,45658838,Lester,Quinones,0,0,0,10,GSW,0
14059615,0,0,0,0.0,0,0,0.0,0,0,0.0,0,0,1037793,2023-11-20T00:00:00.000Z,10,121,11,116,00,0,0,398,Jerome,Robinson,0,0,0,10,GSW,0
14059616,2,0,2,0.4,5,2,0.46153846,13,6,1.0,2,2,1037793,2023-11-20T00:00:00.000Z,10,121,11,116,31,2,5,66,Dillon,Brooks,16,4,0,11,HOU,1
14059617,2,2,7,0.2,5,1,0.5833333,12,7,1.0,2,2,1037793,2023-11-20T00:00:00.000Z,10,121,11,116,32,2,4,38017684,Jabari,Smith Jr.,17,9,1,11,HOU,2
14059618,5,1,6,0.6666667,3,2,0.5652174,23,13,0.4,5,2,1037793,2023-11-20T00:00:00.000Z,10,121,11,116,37,7,4,17896062,Alperen,Sengun,30,13,1,11,HOU,3
14059619,2,0,3,0.22222222,9,2,0.4,15,6,1.0,2,2,1037793,2023-11-20T00:00:00.000Z,10,121,11,116,24,0,3,17895966,Jalen,Green,16,3,0,11,HOU,1
14059620,14,0,5,0.125,8,1,0.23076923,13,3,1.0,3,3,1037793,2023-11-20T00:00:00.000Z,10,121,11,116,41,0,2,458,Fred,VanVleet,10,5,0,11,HOU,0
14059621,0,0,4,0.0,2,0,0.0,2,0,0.0,0,0,1037793,2023-11-20T00:00:00.000Z,10,121,11,116,08,1,0,75,Reggie,Bullock,0,5,0,11,HOU,0
14059622,1,0,0,0.33333334,3,1,0.25,4,1,1.0,2,2,1037793,2023-11-20T00:00:00.000Z,10,121,11,116,14,1,0,188,Jeff,Green,5,1,0,11,HOU,0
14059623,0,0,0,0.0,0,0,0.0,0,0,0.0,0,0,1037793,2023-11-20T00:00:00.000Z,10,121,11,116,00,0,0,3547281,Nate,Hinton,0,0,0,11,HOU,0
14059624,1,0,4,0.75,4,3,0.8,5,4,0.6666667,3,2,1037793,2023-11-20T00:00:00.000Z,10,121,11,116,28,0,3,213,Aaron,Holiday,13,4,4,11,HOU,0
14059625,0,0,1,0.0,0,0,0.0,1,0,0.0,0,0,1037793,2023-11-20T00:00:00.000Z,10,121,11,116,04,0,0,19465326,Jock,Landale,0,1,0,11,HOU,0
14059626,0,0,0,0.0,0,0,0.0,0,0,0.0,0,0,1037793,2023-11-20T00:00:00.000Z,10,121,11,116,00,0,0,296,Boban,Marjanovic,0,0,0,11,HOU,0
14059627,0,0,0,0.0,0,0,0.0,0,0,0.0,0,0,1037793,2023-11-20T00:00:00.000Z,10,121,11,116,00,0,0,56677809,Jermaine,Samuels Jr.,0,0,0,11,HOU,0
14059628,1,0,1,0.5,2,1,0.5714286,7,4,0.0,0,0,1037793,2023-11-20T00:00:00.000Z,10,121,11,116,21,2,3,3547301,Jae'Sean,Tate,9,3,0,11,HOU,1
14059629,0,0,0,0.0,0,0,0.0,0,0,0.0,0,0,1037793,2023-11-20T00:00:00.000Z,10,121,11,116,00,0,0,56677831,Cam,Whitmore,0,0,0,11,HOU,0
14059630,0,0,0,0.0,0,0,0.0,0,0,0.0,0,0,1037793,2023-11-20T00:00:00.000Z,10,121,11,116,00,0,0,38017695,Tari,Eason,0,0,0,11,HOU,0
14059631,0,0,0,0.0,0,0,0.0,0,0,0.0,0,0,1037793,2023-11-20T00:00:00.000Z,10,121,11,116,00,0,0,357,Victor,Oladipo,0,0,0,11,HOU,0
14059632,0,0,0,0.0,0,0,0.0,0,0,0.0,0,0,1037793,2023-11-20T00:00:00.000Z,10,121,11,116,00,0,0,56677825,Amen,Thompson,0,0,0,11,HOU,0
14059633,0,0,0,0.0,0,0,0.0,0,0,0.0,0,0,1037793,2023-11-20T00:00:00.000Z,10,121,11,116,00,0,0,47738533,Jeenathan,Williams,0,0,0,11,HOU,0
